"DESCRIPTION","DURATION IN MS","NAME","PARENT SUITE","START TIME","STATUS","STOP TIME","SUB SUITE","SUITE","TEST CLASS","TEST METHOD"
"","67541","verifyingBatteryCapacityFilterFunctionality","Suite","2026-10-10","failed","2026-10-10","test.java.tests.AmazonTests","Test","test.java.tests.AmazonTests","verifyingBatteryCapacityFilterFunctionality"
"","101556","verifyingStorageCapacityFilterFunctionality","Suite","2026-10-10","failed","2026-10-10","test.java.tests.AmazonTests","Test","test.java.tests.AmazonTests","verifyingStorageCapacityFilterFunctionality"
"","4803","verifyingProcessorSpeedFilterFunctionality","Suite","2026-10-10","passed","2026-10-10","test.java.tests.AmazonTests","Test","test.java.tests.AmazonTests","verifyingProcessorSpeedFilterFunctionality"
"","45317","verifyingDiscountFilterFunctionality","Suite","2026-10-10","failed","2026-10-10","test.java.tests.AmazonTests","Test","test.java.tests.AmazonTests","verifyingDiscountFilterFunctionality"
"","4096","verifyingStorageCapacityFilterFunctionality","Suite","2026-10-10","passed","2026-10-10","test.java.tests.AmazonTests","Test","test.java.tests.AmazonTests","verifyingStorageCapacityFilterFunctionality"
"","78856","verifyingProcessorSpeedFilterFunctionality","Suite","2026-10-10","failed","2026-10-10","test.java.tests.AmazonTests","Test","test.java.tests.AmazonTests","verifyingProcessorSpeedFilterFunctionality"
"","8349","verifyingBatteryCapacityFilterFunctionality","Suite","2026-10-10","passed","2026-10-10","test.java.tests.AmazonTests","Test","test.java.tests.AmazonTests","verifyingBatteryCapacityFilterFunctionality"
"","34463","verifyingDiscountFilterFunctionality","Suite","2026-10-10","failed","2026-10-10","test.java.tests.AmazonTests","Test","test.java.tests.AmazonTests","verifyingDiscountFilterFunctionality"
"","63454","verifyingStorageCapacityFilterFunctionality","Suite","2026-10-10","failed","2026-10-10","test.java.tests.AmazonTests","Test","test.java.tests.AmazonTests","verifyingStorageCapacityFilterFunctionality"
"","6091","verifyingBatteryCapacityFilterFunctionality","Suite","2026-10-10","passed","2026-10-10","test.java.tests.AmazonTests","Test","test.java.tests.AmazonTests","verifyingBatteryCapacityFilterFunctionality"
"","92314","verifyingProcessorSpeedFilterFunctionality","Suite","2026-10-10","failed","2026-10-10","test.java.tests.AmazonTests","Test","test.java.tests.AmazonTests","verifyingProcessorSpeedFilterFunctionality"
"","78639","verifyingDiscountFilterFunctionality","Suite","2026-10-10","failed","2026-10-10","test.java.tests.AmazonTests","Test","test.java.tests.AmazonTests","verifyingDiscountFilterFunctionality"
"","68023","verifyingDisplaySizeFilterFunctionality","Suite","2026-10-10","failed","2026-10-10","test.java.tests.AmazonTests","Test","test.java.tests.AmazonTests","verifyingDisplaySizeFilterFunctionality"
"","78081","verifyingTheBrandsFilterFunctionality","Suite","2026-10-10","passed","2026-10-10","test.java.tests.AmazonTests","Test","test.java.tests.AmazonTests","verifyingTheBrandsFilterFunctionality"
"","79439","verifyingDisplayTypeFilterFunctionality","Suite","2026-10-10","failed","2026-10-10","test.java.tests.AmazonTests","Test","test.java.tests.AmazonTests","verifyingDisplayTypeFilterFunctionality"
"","67319","verifyingTheBrandsFilterFunctionality","Suite","2026-10-10","passed","2026-10-10","test.java.tests.AmazonTests","Test","test.java.tests.AmazonTests","verifyingTheBrandsFilterFunctionality"
"","4874","verifyingMobilePhonePrimaryCameraResolutionFilterFunctionality","Suite","2026-10-10","passed","2026-10-10","test.java.tests.AmazonTests","Test","test.java.tests.AmazonTests","verifyingMobilePhonePrimaryCameraResolutionFilterFunctionality"
"","81482","verifyingDisplaySizeFilterFunctionality","Suite","2026-10-10","failed","2026-10-10","test.java.tests.AmazonTests","Test","test.java.tests.AmazonTests","verifyingDisplaySizeFilterFunctionality"
"","74252","verifyingDisplayTypeFilterFunctionality","Suite","2026-10-10","failed","2026-10-10","test.java.tests.AmazonTests","Test","test.java.tests.AmazonTests","verifyingDisplayTypeFilterFunctionality"
"","129787","verifyingMobilePhonePrimaryCameraResolutionFilterFunctionality","Suite","2026-10-10","failed","2026-10-10","test.java.tests.AmazonTests","Test","test.java.tests.AmazonTests","verifyingMobilePhonePrimaryCameraResolutionFilterFunctionality"
"","17989","verifyingMobilePhonePrimaryCameraResolutionFilterFunctionality","Suite","2026-10-10","passed","2026-10-10","test.java.tests.AmazonTests","Test","test.java.tests.AmazonTests","verifyingMobilePhonePrimaryCameraResolutionFilterFunctionality"
"","59005","verifyingDisplayTypeFilterFunctionality","Suite","2026-10-10","failed","2026-10-10","test.java.tests.AmazonTests","Test","test.java.tests.AmazonTests","verifyingDisplayTypeFilterFunctionality"
"","10884","verifyingDisplaySizeFilterFunctionality","Suite","2026-10-10","passed","2026-10-10","test.java.tests.AmazonTests","Test","test.java.tests.AmazonTests","verifyingDisplaySizeFilterFunctionality"
"","74871","verifyingTheBrandsFilterFunctionality","Suite","2026-10-10","failed","2026-10-10","test.java.tests.AmazonTests","Test","test.java.tests.AmazonTests","verifyingTheBrandsFilterFunctionality"
"","12611","verifyingFreeDeliveryFilterFunctionality","Suite","2026-10-10","passed","2026-10-10","test.java.tests.AmazonTests","Test","test.java.tests.AmazonTests","verifyingFreeDeliveryFilterFunctionality"
"","13514","verifyingFreeDeliveryFilterFunctionality","Suite","2026-10-10","passed","2026-10-10","test.java.tests.AmazonTests","Test","test.java.tests.AmazonTests","verifyingFreeDeliveryFilterFunctionality"
"","22323","verifyingGetItByTodayFilterFunctionality","Suite","2026-10-10","passed","2026-10-10","test.java.tests.AmazonTests","Test","test.java.tests.AmazonTests","verifyingGetItByTodayFilterFunctionality"
"","17938","verifyingGetItIn2DaysFilterFunctionality","Suite","2026-10-10","passed","2026-10-10","test.java.tests.AmazonTests","Test","test.java.tests.AmazonTests","verifyingGetItIn2DaysFilterFunctionality"
"","13106","verifyingPriceSilderFunctionality","Suite","2026-10-10","passed","2026-10-10","test.java.tests.AmazonTests","Test","test.java.tests.AmazonTests","verifyingPriceSilderFunctionality"
"","18919","verifyingPriceSilderFunctionality","Suite","2026-10-10","passed","2026-10-10","test.java.tests.AmazonTests","Test","test.java.tests.AmazonTests","verifyingPriceSilderFunctionality"
"","13160","verifyingGetItByTomorrowFilterFunctionality","Suite","2026-10-10","passed","2026-10-10","test.java.tests.AmazonTests","Test","test.java.tests.AmazonTests","verifyingGetItByTomorrowFilterFunctionality"
"","14238","verifyingGetItIn2DaysFilterFunctionality","Suite","2026-10-10","passed","2026-10-10","test.java.tests.AmazonTests","Test","test.java.tests.AmazonTests","verifyingGetItIn2DaysFilterFunctionality"
"","20697","verifyingGetItByTomorrowFilterFunctionality","Suite","2026-10-10","passed","2026-10-10","test.java.tests.AmazonTests","Test","test.java.tests.AmazonTests","verifyingGetItByTomorrowFilterFunctionality"
"","12746","verifyingPriceSilderFunctionality","Suite","2026-10-10","passed","2026-10-10","test.java.tests.AmazonTests","Test","test.java.tests.AmazonTests","verifyingPriceSilderFunctionality"
"","120632","verifyingOperatingSystemVersionFilterFunctionality","Suite","2026-10-10","passed","2026-10-10","test.java.tests.AmazonTests","Test","test.java.tests.AmazonTests","verifyingOperatingSystemVersionFilterFunctionality"
"","14559","verifyingGetItByTomorrowFilterFunctionality","Suite","2026-10-10","passed","2026-10-10","test.java.tests.AmazonTests","Test","test.java.tests.AmazonTests","verifyingGetItByTomorrowFilterFunctionality"
"","208742","verifyingOperatingSystemVersionFilterFunctionality","Suite","2026-10-10","failed","2026-10-10","test.java.tests.AmazonTests","Test","test.java.tests.AmazonTests","verifyingOperatingSystemVersionFilterFunctionality"
"","24966","verifyingGetItByTodayFilterFunctionality","Suite","2026-10-10","passed","2026-10-10","test.java.tests.AmazonTests","Test","test.java.tests.AmazonTests","verifyingGetItByTodayFilterFunctionality"
"","14572","verifyingFreeDeliveryFilterFunctionality","Suite","2026-10-10","passed","2026-10-10","test.java.tests.AmazonTests","Test","test.java.tests.AmazonTests","verifyingFreeDeliveryFilterFunctionality"
"","123260","verifyingOperatingSystemVersionFilterFunctionality","Suite","2026-10-10","failed","2026-10-10","test.java.tests.AmazonTests","Test","test.java.tests.AmazonTests","verifyingOperatingSystemVersionFilterFunctionality"
"","17111","verifyingGetItIn2DaysFilterFunctionality","Suite","2026-10-10","passed","2026-10-10","test.java.tests.AmazonTests","Test","test.java.tests.AmazonTests","verifyingGetItIn2DaysFilterFunctionality"
"","20865","verifyingGetItByTodayFilterFunctionality","Suite","2026-10-10","passed","2026-10-10","test.java.tests.AmazonTests","Test","test.java.tests.AmazonTests","verifyingGetItByTodayFilterFunctionality"
